{"cameraMode":{"drawMode":0,"name":"Shaded","section":"Shading Mode"},"sceneLighting":true,"audioPlay":false,"sceneViewState":{"m_AlwaysRefresh":false,"showFog":true,"showSkybox":true,"showFlares":true,"showImageEffects":true,"showParticleSystems":true,"showVisualEffectGraphs":true,"m_FxEnabled":true},"in2DMode":false,"pivot":{"x":-0.0080413818359375,"y":0.8916046619415283,"z":0.5409029722213745},"rotation":{"x":0.05401831492781639,"y":-0.771647572517395,"z":0.06613729149103165,"w":0.6302792429924011},"size":4.2248687744140629,"orthographic":false}